calendarmonth,openinggbv,principalcollections,interestcollections,interestrevenue,total_coll,coll_rate,rev_rate
201601,0.0,0.0,0.0,1545.034825,0.0,,inf
201602,873995.1000000001,-115790.85,-15956.61,131586.968551,-131747.46000000002,-0.15074164603439996,0.15055801634471405
201603,6337818.84,-363990.45999999996,-229470.37,361871.114429,-593460.83,-0.09363802358225815,0.057097106049342365
201604,13013336.360000001,-554204.27,-442454.95,619862.2324290001,-996659.22,-0.07658752470761464,0.047632844897048374
201605,20459976.93,-849614.5,-775536.2699999999,918353.20685,-1625150.77,-0.07943072348322536,0.04488534908870984
201606,27545083.459999997,-1193369.32,-972183.4700000001,1159085.733199,-2165552.79,-0.07861848714834137,0.04207958690276555
201607,34008577.32,-1293518.48,-1102798.3499999999,1442795.670682,-2396316.83,-0.07046213099278215,0.0424244641904944
201608,40604824.15,-1762542.1400000001,-1512551.79,1696395.7094979999,-3275093.93,-0.0806577543077477,0.041778181410939565
201609,48286131.5,-2096652.3900000001,-1704688.49,1986971.923942,-3801340.88,-0.0787253143275725,0.041149950559655
201610,55798362.7,-2352741.95,-1982542.8499999999,2346351.684127,-4335284.8,-0.07769555575149519,0.04205054719512406
201611,63336157.370000005,-2722432.51,-2170576.83,2517338.292769,-4893009.34,-0.07725459742396114,0.03974567446621525
201612,68935156.87,-2540323.55,-2089391.7999999998,2770606.6738529997,-4629715.35,-0.0671604383048095,0.04019149008506492
201701,73507985.46000001,-3237059.54,-2641933.16,2891520.9099379997,-5878992.7,-0.07997760601396298,0.03933614683960351
201702,78498946.64,-3416006.53,-2563495.87,2886077.3513019998,-5979502.4,-0.07617302723082757,0.03676580992274573
201703,81432331.0,-3882942.09,-2546050.01,3239502.733027,-6428992.1,-0.07894888947732566,0.03978153017659534
201704,83750952.74,-3304494.77,-2231603.72,3178211.5356860003,-5536098.49,-0.06610191656191063,0.03794836275537754
201705,88193917.04,-4443668.48,-3206408.9,3420801.352911,-7650077.380000001,-0.08674155357597212,0.038787270910753506
201706,91804547.15,-4301709.74,-2874040.8299999996,3493873.688048,-7175750.57,-0.07816334585557617,0.03805774110882916
201707,96113902.51,-4516413.109999999,-3087761.92,3750520.399205,-7604175.029999999,-0.07911628631673588,0.03902162227586986
201708,101216031.68,-4729573.909999999,-3135452.9699999997,3864931.230339,-7865026.879999999,-0.07770534716146262,0.03818497095952339
201709,105158931.86,-4271769.48,-2721523.34,3915531.277016,-6993292.82,-0.06650212869516683,0.03723441468793937
201710,108506164.19,-5619730.5,-3890382.77,4149133.0084329997,-9510113.27,-0.0876458341421718,0.03823868477340743
201711,112602551.87,-5180108.88,-3470122.4299999997,4212832.128988,-8650231.309999999,-0.07682091716701694,0.03741329178624413
201712,118583804.64,-4260645.95,-2999414.34,4530187.463035,-7260060.29,-0.061223033887639985,0.03820241285720144
201801,123236057.21,-6239942.51,-4360892.25,4598676.1983239995,-10600834.76,-0.08602056086503711,0.03731599584111686
201802,127929842.54,-5712137.53,-3939050.41,4523191.822218999,-9651187.940000001,-0.0754412555223958,0.03535681536389546
201803,131536422.41000001,-5287649.78,-3294076.65,5025500.661454,-8581726.43,-0.06524220647609447,0.03820615286152056
201804,135496854.47,-6763133.26,-4721126.31,4791624.713129,-11484259.57,-0.08475665073496375,0.035363364942098345
201805,138290194.43,-6250236.89,-3943237.35,5049505.656451,-10193474.24,-0.07371075210368405,0.03651383727721179
201806,143174404.79999998,-5587202.61,-3529151.96,5055836.189475,-9116354.57,-0.06367307468632132,0.035312430294629035
201807,148047213.42,-7236802.58,-4949300.84,5305645.220173,-12186103.42,-0.08231227821511806,0.035837521677096626
201808,151368912.89999998,-6588101.300000001,-4398624.03,5299294.287723,-10986725.330000002,-0.07258244192622462,0.03500913223327378
201809,153762966.37,-5626244.24,-3555322.9,5270808.905957,-9181567.14,-0.059712474055075036,0.03427879306954736
201810,159790773.87,-8083520.11,-5316777.86,5465820.772735,-13400297.97,-0.08386152495201005,0.034206109904579306
201811,162213069.44,-7108271.23,-4525253.91,5341088.511006,-11633525.14,-0.07171755753196603,0.032926375966158404
201812,167094792.76,-6679029.88,-4530489.96,5581707.7418060005,-11209519.84,-0.06708479453396463,0.033404438580100254
201901,172075496.89000002,-7271388.78,-4465476.74,5053267.896348,-11736865.52,-0.06820765147929714,0.029366574484328365
201902,138417837.54,-7284175.38,-4694291.08,5001821.433569999,-11978466.46,-0.08653845973094662,0.03613567096888486
201903,144938066.38,-7020059.63,-3878336.6199999996,5619229.308618,-10898396.25,-0.07519347071615046,0.03876986528773919
201904,154068570.63,-9192351.59,-5723423.23,5539929.452305,-14915774.82,-0.0968125735119634,0.03595755727239981
201905,160851839.92000002,-8842930.959999999,-5070942.88,5923256.388848,-13913873.84,-0.08650117926484455,0.03682429987617141
201906,168102876.01,-7488529.84,-4193010.5999999996,5929659.799544999,-11681540.44,-0.06949042584676003,0.035273993760774565
201907,177026830.89,-10760826.690000001,-6343062.91,6241741.156463,-17103889.6,-0.09661749868090859,0.03525872956705337
201908,180986989.55,-8436841.07,-4781521.23,6272353.26537,-13218362.3,-0.07303487578231835,0.034656376576931686
201909,187936539.57,-10145846.34,-6230547.71,6016243.27684,-16376394.05,-0.08713789286250186,0.032012099885446454
201910,178750940.04,-9704751.78,-5370580.159999999,6348597.188038,-15075331.939999998,-0.08433707781691395,0.03551644084566684
201911,186092348.33,-8846131.05,-4687302.58,6295789.586255,-13533433.63,-0.07272428851293222,0.03383153387419559
201912,193152658.27,-10467553.49,-6457049.45,6650726.210832,-16924602.94,-0.08762293561780449,0.03443248604704797
202001,199903967.31,-10501588.86,-5737545.01,6498225.908961,-16239133.87,-0.0812346752719382,0.03250673809231565
202002,195163567.46,-8787096.92,-4563512.02,6245017.148863,-13350608.94,-0.06840728069154757,0.03199888806164068
202003,197087513.26,-11537876.72,-6528412.51,6487330.416401,-18066289.23,-0.09166633101797148,0.03291598898933208
202004,194572729.23,-8257124.34,-5007988.13,5916062.316386,-13265112.469999999,-0.0681755995431385,0.030405403366639102
202005,186625379.82,-7547217.23,-3720043.15,5665015.164477,-11267260.38,-0.06037367688610876,0.030355009430876455
202006,180585682.48,-10001578.23,-4983007.53,4908409.58361,-14984585.760000002,-0.08297770650593829,0.027180502441845635
202007,163078744.13,-8420147.280000001,-4089981.57,4790671.098576,-12510128.850000001,-0.07671219763642168,0.029376428694821592
202008,160044389.28,-6916806.32,-3275283.77,4595171.246534,-10192090.09,-0.06368289532580107,0.02871185467485949
202009,161172864.37,-9832839.66,-4915594.93,4444694.293334,-14748434.59,-0.09150693355019388,0.0275771874546477
202010,158133855.83,-7448369.43,-3328976.1999999997,4230379.526344,-10777345.629999999,-0.06815330957076049,0.026751890062630367
202011,142588841.45,-9023894.35,-4293400.28,4003006.974785,-13317294.629999999,-0.09339647124259597,0.02807377445582717
202012,139800764.35,-7685086.88,-3412958.16,4038389.252323,-11098045.04,-0.07938472362150571,0.028886746586110495
202101,138873673.88,-6899981.350000001,-2975187.37,3865586.676054,-9875168.72,-0.07110900463779105,0.027835273367897165
202102,140018548.09,-7105036.23,-2936885.8,3595095.5963459997,-10041922.030000001,-0.07171851277550267,0.025675852559442144
202103,140140695.63,-10111026.72,-4355255.96,3854705.845865,-14466282.68,-0.10322685080851843,0.027505970542933578
202104,142789455.3,-8314912.07,-3481606.92,3582742.824328,-11796518.99,-0.08261477687701495,0.02509108825158464
202105,141962799.67,-7575785.75,-2924824.43,3745330.83662,-10500610.18,-0.07396733654456816,0.026382480800084384
202106,152289823.8,-10227102.67,-4104494.62,3706107.545692,-14331597.29,-0.09410738637941742,0.024335884389486043
202107,156917908.66,-8523533.32,-3261611.14,3832025.021237,-11785144.46,-0.07510388432167626,0.024420571583961104
202108,164961322.0,-9887031.4,-3990490.0,3879783.867436,-13877521.4,-0.08412591043614455,0.023519354842682458
202109,173786028.07,-9981724.1,-3659529.4,4022420.400607,-13641253.5,-0.07849453521375943,0.023145821590368546
202110,180679326.15,-9529129.73,-3437715.01,4316558.251794,-12966844.74,-0.07176717456448185,0.023890714802701846
202111,195899520.73,-11382997.17,-4448831.57,4338184.634519,-15831828.74,-0.08081606673157889,0.022144947666809946
202112,203257348.87,-9965094.06,-4016324.73,4588463.786652,-13981418.790000001,-0.06878678122945647,0.022574651357805047
202201,202487431.67,-11489717.08,-4255169.72,4467793.952916,-15744886.8,-0.07775735348186907,0.022064549468913713
202202,207546049.3,-11384814.28,-4252933.63,4347908.3475130005,-15637747.91,-0.07534591943687746,0.020949126047821138
202203,212394425.23,-11742099.13,-4032494.73,4770547.048189,-15774593.860000001,-0.07427028201384211,0.022460792193688784
202204,217934840.28,-10897413.11,-3820490.0100000002,4469502.1989589995,-14717903.12,-0.06753350267947346,0.020508433590593584
202205,221386417.55,-12900731.43,-4670021.86,4727798.376705,-17570753.29,-0.07936689831494136,0.02135541298795907
202206,233384585.06,-12067074.78,-4368303.59,4690689.500146,-16435378.37,-0.07042186769008196,0.020098540351069404
202207,236624535.55,-11349361.91,-3863462.87,4784606.78734,-15212824.780000001,-0.06429098632836176,0.020220247981549606
202208,235489741.95,-12720990.73,-4697305.96,4852096.849946,-17418296.69,-0.07396626513650142,0.020604281145189814
202209,242398875.28,-11904228.69,-4419679.37,4771161.642601,-16323908.059999999,-0.06734316750085541,0.019683101405028103
202210,228914574.98,-11535951.25,-4459294.46,4795159.626124,-15995245.71,-0.06987430010254912,0.020947375790916538
202211,226510957.3,-10947798.51,-4249735.86,4653217.055678,-15197534.370000001,-0.06709403620537345,0.02054301085980179
202212,223260401.45,-9995000.57,-3904321.88,4637732.865994,-13899322.45,-0.06225610255884452,0.020772751620410562
202301,216326647.65,-11571763.69,-4374631.2299999995,4553642.427417,-15946394.919999998,-0.07371442720177519,0.021049845115634784
202302,212927328.64,-10693546.92,-4220689.46,4204445.179816,-14914236.379999999,-0.07004378665368861,0.0197459161614925
202303,207374226.41,-11103001.97,-3805410.64,4424405.04526,-14908412.610000001,-0.07189134767656492,0.02133536612458532
202304,196317198.69,-9750695.63,-3680726.38,3997881.249095,-13431422.010000002,-0.06841694003187797,0.020364396373686866
202305,190367907.15,-11101597.97,-3775658.81,4041851.976293,-14877256.780000001,-0.0781500254046366,0.02123179288359897
202306,185460040.73,-10337802.29,-3635251.16,3844221.355931,-13973053.45,-0.07534266354628122,0.0207280303659998
202307,176744054.83,-10276314.85,-3717870.25,3964034.44911,-13994185.1,-0.07917768500592681,0.022428106297112952
202308,176017602.63,-10116435.64,-3388234.15,3895045.723751,-13504669.790000001,-0.07672340486529441,0.02212872840870711
202309,172604727.96,-9698694.56,-3251153.13,3789397.4254880003,-12949847.690000001,-0.07502603111196955,0.021954192508366097
202310,170459808.79,-10353334.96,-4211303.24,3927801.5830719997,-14564638.200000001,-0.08544323910361229,0.02304239111232902
202311,173721916.94,-9800064.95,-3657803.74,3929975.192412,-13457868.69,-0.07746788043242737,0.02262221866783414
202312,179370509.76,-9582144.44,-3179163.16,4096076.44421,-12761307.6,-0.07114495920803698,0.0228358410180726
202401,175919357.94,-10307806.23,-4335381.02,4198996.699379,-14643187.25,-0.08323806669982438,0.023868872354633832
202402,183410867.34,-10721474.56,-3643629.34,4105175.227738,-14365103.9,-0.07832198881307575,0.022382399076320728
202403,189033966.97,-10775291.45,-3782031.67,4393417.230319,-14557323.12,-0.07700903363208936,0.0232414168772972
202404,190570692.4,-11226611.540000001,-4508661.83,4063364.242023,-15735273.370000001,-0.08256921970442503,0.021322083636523534
202405,200156282.18,-11407768.93,-3945203.13,5309481.571714,-15352972.059999999,-0.07670492223767982,0.026526679621972582
202406,205252633.02,-9818072.0,-5112139.18,4681667.55241,-14930211.18,-0.07274065604091513,0.022809293520506573
202407,206922271.83,-11129523.1,-4771520.78,4994782.004027,-15901043.879999999,-0.0768454924613612,0.024138445609811085
202408,216337792.07,-10797706.83,-4769204.66,5101109.90673,-15566911.49,-0.07195650533848032,0.02357937491143223
202409,223326435.44,-11300398.16,-5148330.29,5062729.724371,-16448728.45,-0.07365329777279858,0.022669639240855473
202410,222527842.63,-11682369.07,-4835972.19,5357420.745863,-16518341.260000002,-0.07423044714213703,0.024075282816500652
202411,228258764.31,-10939983.07,-5076882.46,5317761.192214,-16016865.530000001,-0.07016977235646195,0.023297073425806804
202412,233364583.74,-11321819.24,-5302128.12,5557004.844323,-16623947.36,-0.07123594803280581,0.02381254582535224
202501,230243442.73,-11854282.98,-5393640.28,5589182.082773,-17247923.26,-0.07491168067802981,0.024275097768266418
202502,235426194.92,-12356475.48,-5501077.81,5185625.678181,-17857553.29,-0.07585202358670479,0.0220265450067828
202503,241055665.12,-12868932.24,-5039929.46,5730784.569848,-17908861.7,-0.07429346948176796,0.02377369794232032
202504,242119732.03,-12727865.6,-5602603.43,5864991.398527,-18330469.03,-0.07570828232921038,0.024223516808618863
202505,249141574.89,-11860994.77,-5310096.22,5969052.292004,-17171090.99,-0.06892101809014137,0.02395847539552334
202506,257053635.75,-12973001.71,-6247119.65,6099643.816916,-19220121.36,-0.07477085980099778,0.023729070390773495
202507,257745125.5,-12790265.46,-5769853.16,6356328.552619,-18560118.62,-0.07200958149643068,0.024661294914068124
202508,268939874.17,-11862595.73,-5890411.57,6533896.942507,-17753007.3,-0.06601106420083368,0.024295010037733742
202509,276739777.79,-12919314.24,-6557849.87,6482305.67505,-19477164.11,-0.07038078972795868,0.023423830599332937
