Values,Segment,2025-10-31 00:00:00,2025-11-30 00:00:00,2025-12-31 00:00:00,2026-01-31 00:00:00,2026-02-28 00:00:00,2026-03-31 00:00:00,2026-04-30 00:00:00,2026-05-31 00:00:00,2026-06-30 00:00:00,2026-07-31 00:00:00,2026-08-31 00:00:00,2026-09-30 00:00:00,2026-10-31 00:00:00,2026-11-30 00:00:00,2026-12-31 00:00:00,2027-01-31 00:00:00,2027-02-28 00:00:00,2027-03-31 00:00:00,2027-04-30 00:00:00,2027-05-31 00:00:00,2027-06-30 00:00:00,2027-07-31 00:00:00,2027-08-31 00:00:00,2027-09-30 00:00:00,2027-10-31 00:00:00,2027-11-30 00:00:00,2027-12-31 00:00:00,2028-01-31 00:00:00,2028-02-29 00:00:00,2028-03-31 00:00:00,2028-04-30 00:00:00,2028-05-31 00:00:00,2028-06-30 00:00:00,2028-07-31 00:00:00,2028-08-31 00:00:00,2028-09-30 00:00:00,2028-10-31 00:00:00,2028-11-30 00:00:00,2028-12-31 00:00:00,Unnamed: 41,Unnamed: 42,Unnamed: 43,Unnamed: 44,Unnamed: 45,Unnamed: 46,Unnamed: 47,Unnamed: 48,Unnamed: 49,Unnamed: 50,Unnamed: 51,Unnamed: 52,Unnamed: 53,Unnamed: 54,Unnamed: 55
Sum of OpeningGBV,NON PRIME,117689684.21999998,110675448.3,103791467.94,95838869.72,89566651.78,83545603.9,76287993.01,70998805.13999999,65991695.580000006,59495679.980000004,55343670.980000004,51613461.370000005,46148933.81,43302842.760000005,40618800.650000006,36217762.3,34077597.47,32039226.249999996,28517426.610000003,26848391.12,25292542.11,22518158.85,21240724.099999998,20047428.08,17825867.56,16843663.740000002,15923864.56,14124078.36,13366326.7,12654948.180000002,11224841.92,10636043.370000001,10081241.79,8973791.36,8509730.75,8070531.569999999,7150861.290000001,6783637.5,6436109.590000001,,,,,,,,,,,,,,,
,NRP-L,5517434.639999999,5356134.590000001,5197880.95,5033242.8,4871227.029999999,4709015.49,4554235.65,4406649.5200000005,4261218.840000001,4123209.96,3992362.039999999,3866675.37,3746878.95,3633513.5600000005,3526096.6800000006,3424147.360000001,3328034.2500000005,3236570.9200000004,3150051.3200000003,3068180.710000001,2991597.29,2919414.76,2850210.88,2785472.0799999996,2725330.3700000006,2669240.5700000003,2614967.3000000003,2564369.99,2516030.27,2469636.4400000004,2425182.9199999995,2382264.24,2340811.4899999998,2300737.1299999994,2261930.0899999994,2224261.2100000004,2187722.92,2152265.25,2117837.6600000006,,,,,,,,,,,,,,,
,NRP-M,106116574.60999998,102756249.22,99438311.71000001,95705301.91000001,92496609.28000002,89412827.46000001,85735009.79999998,82769504.28999999,80001102.28,76549873.00999999,74041368.0,71734583.06,68646146.68,66724090.86000001,64897876.85999999,62147420.839999996,60464006.349999994,58794734.319999985,56221294.51,54699111.050000004,53236488.199999996,50924172.7,49585669.660000004,48295622.32,46258282.03000001,45074094.18,43931308.64,42134149.63,41080663.76,40062002.47,38498563.699999996,37555804.95,36638722.09,35185612.35,34334594.62,33503840.239999995,32112053.009999998,31337671.819999997,30583136.700000007,,,,,,,,,,,,,,,
,NRP-S,43014489.96,41295869.91,39568702.239999995,37671982.339999996,36060091.3,34513986.7,32728629.050000004,31346131.91,30007904.35,28402205.560000002,27210373.89,26094921.59,24687008.549999997,23767537.449999996,22887386.699999996,21658147.42,20874906.749999996,20127364.759999998,19031224.87,18364955.62,17729864.46,16772266.309999999,16206225.110000003,15667454.950000003,14834340.32,14354630.89,13895706.48,13161784.780000001,12750518.610000001,12356978.640000002,11721854.46,11366856.469999999,11026441.18,10459860.34,10151650.67,9852723.45,9321836.49,9048005.139999999,8782803.57,,,,,,,,,,,,,,,
,PRIME,3643667.2,3278581.04,2900649.3200000003,2536008.14,2222270.41,1934220.0299999996,1686537.4200000002,1470679.1300000001,1282005.0399999998,1117890.12,975491.04,852019.63,745258.4900000001,652819.68,572900.9099999999,503836.38999999996,444161.70999999996,392579.25999999995,347968.67,309378.17000000004,275985.1,247090.84999999998,222074.5,200413.28,181644.51,165391.71,151304.25,139088.52,128491.95000000001,119294.20000000001,111306.13,104364.38,98344.65,93102.72,88532.60999999999,84549.72,81226.02000000002,78348.72,75809.18,,,,,,,,,,,,,,,
Sum of Coll_Principal,NON PRIME,-6983274.44,-6637763.620000001,-6434360.390000001,-6082861.359999999,-5821924.41,-5556616.84,-5104628.91,-4825207.35,-4491970.72,-4007003.2400000007,-3594548.48,-3281304.2600000002,-2831633.86,-2664604.7099999995,-2452197.37,-2136522.7399999998,-2034380.29,-1892799.51,-1663744.6399999997,-1551057.68,-1447364.67,-1272784.0100000002,-1189824.9100000001,-1113215.69,-978161.6600000001,-916621.99,-859619.8800000001,-752902.45,-707053.33,-664451.65,-582601.56,-548116.4,-515933.43000000005,-453604.16000000003,-427283.83999999997,-402614.48,-352265.88,-332096.93000000005,-313177.68000000005,,,,,,,,,,,,,,,
,NRP-L,-159063.78,-156799.25000000003,-163770.89999999997,-160749.33000000002,-160795.76,-153099.41000000006,-145943.91999999995,-143604.28999999998,-135850.26,-128590.81,-123211.76999999999,-117130.14000000001,-110516.01999999997,-104444.14,-100034.21999999999,-94388.86000000002,-89968.23999999999,-85321.65999999999,-80841.73999999998,-75746.22,-71792.05999999998,-68987.15,-64704.70999999999,-60274.880000000005,-56393.83000000001,-54698.10999999999,-51172.8,-49051.18,-47189.18,-45320.61,-43848.54,-42424.0,-41082.90000000001,-39847.31,-38724.130000000005,-37616.969999999994,-36555.90999999999,-35542.98,-34567.170000000006,,,,,,,,,,,,,,,
,NRP-M,-3383003.6399999997,-3259005.9099999997,-3219937.14,-3176603.0599999996,-3045335.5700000003,-3041891.55,-2919050.5200000005,-2731532.360000001,-2671341.73,-2465783.34,-2273768.83,-2161550.4200000004,-2066572.87,-1954254.63,-1891966.78,-1822434.5300000003,-1795573.0000000002,-1731479.71,-1642834.85,-1582188.96,-1531055.1399999997,-1454951.68,-1406594.7200000002,-1363368.8800000001,-1297967.8599999999,-1256183.9400000002,-1215764.74,-1163822.57,-1128585.79,-1094450.91,-1048838.81,-1021753.03,-993169.22,-951304.95,-930115.6299999999,-908071.5100000001,-870039.27,-848849.3099999999,-827903.04,,,,,,,,,,,,,,,
,NRP-S,-2448382.7799999993,-2382425.5900000003,-2305239.3599999994,-2206648.44,-2106166.3699999996,-2013374.5199999996,-1886841.4300000002,-1824965.52,-1745006.45,-1638756.19,-1550519.5400000003,-1458824.3199999998,-1364991.5700000003,-1310078.2300000002,-1242612.1400000001,-1179270.92,-1130733.1699999997,-1083789.5699999998,-1018725.8200000001,-977121.8800000001,-938093.0100000001,-881963.26,-845620.6099999999,-812627.51,-763508.17,-734971.8200000001,-707491.57,-666798.6000000001,-642369.3300000002,-619074.5599999999,-585674.3,-564717.3999999999,-545623.11,-515487.18999999994,-500306.43,-486202.16000000003,-459218.6099999999,-445313.06,-431792.67,,,,,,,,,,,,,,,
,PRIME,-362330.80000000005,-375182.45,-362389.07000000007,-312227.93000000005,-286716.16000000003,-246693.77,-215037.91,-188015.46,-163601.42999999996,-141979.23,-123138.32,-106562.45,-92166.66999999998,-79681.5,-68860.48000000001,-59494.05,-51392.31999999999,-44387.30999999999,-38332.83999999999,-33101.049999999996,-28631.98,-24734.66,-21365.44,-18461.120000000003,-15935.31,-13761.939999999999,-11883.809999999996,-10259.720000000003,-8857.259999999998,-7645.100000000001,-6597.3600000000015,-5719.28,-4940.58,-4268.59,-3735.1200000000003,-3403.2999999999997,-3002.8499999999995,-2667.15,-2381.3999999999996,,,,,,,,,,,,,,,
Sum of Coll_Interest,NON PRIME,-3431660.78,-3279251.5799999996,-2937253.39,-2641965.25,-2410694.2,-2181002.42,-1986179.4499999997,-1853830.23,-1736221.6,-1586349.48,-1510387.1500000001,-1455550.62,-1300382.33,-1239941.85,-1159778.1800000002,-1042093.5599999999,-989399.4799999999,-936960.78,-838546.9099999999,-794390.6399999999,-752716.8399999999,-672829.6799999999,-637868.0599999999,-604890.94,-539047.99,-511463.55999999994,-485435.49,-430945.56,-409253.82999999996,-388768.45999999996,-344231.9,-327158.19,-310990.23,-276324.72,-262722.14,-249781.40000000002,-220466.43,-209610.89999999997,-199299.44,,,,,,,,,,,,,,,
,NRP-L,-78515.99,-74503.07000000002,-70425.33,-67624.89,-64883.83999999999,-62382.44,-59761.96,-57509.72000000001,-55455.630000000005,-53331.73999999999,-51589.31,-49842.060000000005,-48093.6,-46463.62999999999,-44907.259999999995,-43411.32,-42005.66999999999,-40658.32000000001,-39382.52999999999,-38175.61999999999,-37047.66,-35985.27,-34968.24999999999,-34019.22,-33142.20000000001,-32326.98,-31536.27,-30800.760000000002,-30099.109999999997,-29426.49000000001,-28783.309999999998,-28163.5,-27565.980000000003,-26989.43,-26432.220000000005,-25892.13,-25369.219999999994,-24862.81,-24372.070000000003,,,,,,,,,,,,,,,
,NRP-M,-1629695.2000000002,-1646157.3500000003,-1558416.33,-1493730.8299999998,-1441312.9,-1386578.1900000002,-1334220.2299999997,-1281320.83,-1244934.38,-1198789.8399999999,-1152180.8399999999,-1122258.62,-1057872.2000000002,-1045374.2399999999,-1012044.7199999999,-963765.3699999999,-950377.6799999999,-924735.17,-884768.56,-861301.1299999999,-838711.9400000001,-802712.2399999999,-781965.5599999999,-761935.5000000001,-730149.4300000002,-711703.87,-693879.3099999999,-665701.81,-649227.99,-633283.8700000001,-608638.55,-593854.3300000001,-579454.8300000001,-556455.23,-543067.9600000001,-529981.82,-507864.80000000005,-495653.93000000005,-483746.80999999994,,,,,,,,,,,,,,,
,NRP-S,-46272.29,-79426.5,-63906.04,-59263.94,-58067.08,-50218.91,-47932.51,-43505.66,-44144.07,-36996.96,-33782.62,-36045.31,-31318.19,-32077.87,-30584.85,-30168.92,-29723.04,-28952.19,-27764.42,-27044.37,-26342.99,-25234.28,-24579.85,-23942.39,-22808.03,-22216.52,-21640.35,-20656.14,-20120.44,-19598.63,-18707.27,-18222.12,-17749.54,-16840.05,-16403.32,-15977.91,-15244.47,-14849.12,-14464.02,,,,,,,,,,,,,,,
,PRIME,-28091.62,-27629.33,-26975.840000000004,-25127.330000000005,-22873.72,-20370.82,-18080.31,-15928.86,-13964.580000000002,-12229.060000000001,-10673.39,-9250.080000000002,-8048.75,-6997.25,-6080.549999999999,-5290.91,-4606.38,-4014.0499999999997,-3502.32,-3059.66,-2676.9300000000007,-2346.0999999999995,-2059.91,-1812.3100000000002,-1598.0,-1412.5700000000002,-1252.05,-1113.01,-992.53,-888.1199999999999,-797.55,-718.98,-650.93,-591.78,-540.32,-495.56,-457.11,-423.63999999999993,-394.22,,,,,,,,,,,,,,,
Sum of ClosingGBV,NON PRIME,110675448.3,103791467.94,95838869.72,89566651.78,83545603.9,76287993.01,70998805.13999999,65991695.580000006,59495679.980000004,55343670.980000004,51613461.370000005,46148933.81,43302842.760000005,40618800.650000006,36217762.3,34077597.47,32039226.249999996,28517426.610000003,26848391.12,25292542.11,22518158.85,21240724.099999998,20047428.08,17825867.56,16843663.740000002,15923864.56,14124078.36,13366326.7,12654948.180000002,11224841.92,10636043.370000001,10081241.79,8973791.36,8509730.75,8070531.569999999,7150861.290000001,6783637.5,6436109.590000001,5716767.81,,,,,,,,,,,,,,,
,NRP-L,5356134.590000001,5197880.95,5033242.8,4871227.029999999,4709015.49,4554235.65,4406649.5200000005,4261218.840000001,4123209.96,3992362.039999999,3866675.37,3746878.95,3633513.5600000005,3526096.6800000006,3424147.360000001,3328034.2500000005,3236570.9200000004,3150051.3200000003,3068180.710000001,2991597.29,2919414.76,2850210.88,2785472.0799999996,2725330.3700000006,2669240.5700000003,2614967.3000000003,2564369.99,2516030.27,2469636.4400000004,2425182.9199999995,2382264.24,2340811.4899999998,2300737.1299999994,2261930.0899999994,2224261.2100000004,2187722.92,2152265.25,2117837.6600000006,2084402.8499999996,,,,,,,,,,,,,,,
,NRP-M,102756249.22,99438311.71000001,95705301.91000001,92496609.28000002,89412827.46000001,85735009.79999998,82769504.28999999,80001102.28,76549873.00999999,74041368.0,71734583.06,68646146.68,66724090.86000001,64897876.85999999,62147420.839999996,60464006.349999994,58794734.319999985,56221294.51,54699111.050000004,53236488.199999996,50924172.7,49585669.660000004,48295622.32,46258282.03000001,45074094.18,43931308.64,42134149.63,41080663.76,40062002.47,38498563.699999996,37555804.95,36638722.09,35185612.35,34334594.62,33503840.239999995,32112053.009999998,31337671.819999997,30583136.700000007,29277577.279999997,,,,,,,,,,,,,,,
,NRP-S,41295869.91,39568702.239999995,37671982.339999996,36060091.3,34513986.7,32728629.050000004,31346131.91,30007904.35,28402205.560000002,27210373.89,26094921.59,24687008.549999997,23767537.449999996,22887386.699999996,21658147.42,20874906.749999996,20127364.759999998,19031224.87,18364955.62,17729864.46,16772266.309999999,16206225.110000003,15667454.950000003,14834340.32,14354630.89,13895706.48,13161784.780000001,12750518.610000001,12356978.640000002,11721854.46,11366856.469999999,11026441.18,10459860.34,10151650.67,9852723.45,9321836.49,9048005.139999999,8782803.57,8293344.12,,,,,,,,,,,,,,,
,PRIME,3278581.04,2900649.3200000003,2536008.14,2222270.41,1934220.0299999996,1686537.4200000002,1470679.1300000001,1282005.0399999998,1117890.12,975491.04,852019.63,745258.4900000001,652819.68,572900.9099999999,503836.38999999996,444161.70999999996,392579.25999999995,347968.67,309378.17000000004,275985.1,247090.84999999998,222074.5,200413.28,181644.51,165391.71,151304.25,139088.52,128491.95000000001,119294.20000000001,111306.13,104364.38,98344.65,93102.72,88532.60999999999,84549.72,81226.02000000002,78348.72,75809.18,73557.02,,,,,,,,,,,,,,,
Sum of ClosingNBV,NON PRIME,93895503.94999999,86448751.07000002,78534639.66,71967178.19,65782491.64999999,59001176.67999999,53790320.61000001,48948723.66,43300639.69,39436188.809999995,36040317.68,31595160.869999997,29062778.29,26718213.39,23366602.310000002,21600895.839999996,19975578.859999996,17503060.89,16249969.01,15139104.750000002,13321873.86,12472709.469999999,11683176.62,10300764.739999998,9725559.68,9187805.7,8121856.45,7680552.130000001,7266702.859999999,6421256.380000001,6080224.46,5759230.18,5106289.250000001,4839028.43,4586334.4399999995,4045011.9199999995,3834815.9799999995,3636101.0700000003,3213966.47,,,,,,,,,,,,,,,
,NRP-L,4782450.580000001,4614994.129999999,4441846.22,4271974.739999999,4102109.7700000005,3940350.5900000003,3785675.8299999996,3633849.3100000005,3489378.5199999996,3351867.4899999998,3219711.2199999997,3109287.1800000006,3004654.5800000015,2905345.29,2810836.2400000007,2721669.1800000006,2636686.55,2556214.7399999998,2480028.7300000004,2412404.5100000002,2348619.43,2287455.2899999996,2230306.5300000007,2177286.0700000003,2127980.38,2080251.3799999997,2035832.2999999998,1993454.7700000003,1952830.89,1913965.03,1876489.22,1840339.1400000001,1805437.4100000001,1771682.8499999999,1738952.04,1707243.4100000001,1676512.0499999998,1646711.9200000002,1617809.8699999999,,,,,,,,,,,,,,,
,NRP-M,95906601.64,92008187.35999998,87980011.08000001,84442774.24000001,81084456.51,77242363.46999998,74045040.31,71056553.50999999,67514098.99,64812283.17999999,62323027.01000001,59203477.589999996,57120223.800000004,55144447.480000004,52420878.54000001,50615165.76,48837991.97,46337010.85999999,44730418.79000001,43192237.75,40988113.44,39593469.51,38254924.51,36343810.14,35130041.629999995,33974736.35,32339054.85,31289699.869999997,30279346.33,28875474.32,27949443.270000003,27061333.139999997,25833939.64,25049148.68,24286816.16,23140814.369999997,22455783.189999998,21800966.66,20781721.57,,,,,,,,,,,,,,,
,NRP-S,37560057.66,35598711.15,33559598.830000006,31811034.449999996,30157750.3,28363511.59,26940737.419999994,25572582.160000004,24011079.09,22802406.0,21675496.85,20332496.59,19406538.57,18524490.169999998,17381848.07,16606042.709999999,15868940.88,14873527.35,14222502.009999998,13604559.869999997,12755068.61,12217339.39,11709893.999999996,10994523.51,10549531.27,10125173.51,9515353.940000001,9149509.33,8804647.89,8297509.359999999,7995527.070000001,7710076.630000002,7275056.540000001,7021027.1,6775168.42,6377622.81,6158652.99,5948545.609999999,5589269.130000001,,,,,,,,,,,,,,,
,PRIME,2682770.3500000006,2326735.8700000006,1994196.6499999997,1712481.66,1459378.19,1275260.34,1104144.08,965170.9299999999,844217.1999999998,739204.5299999999,648095.57,569309.8400000001,501035.64999999997,441980.11,390920.8599999999,346780.86,308599.03,275546.57999999996,246924.11000000002,222127.19000000003,200645.72999999998,182021.53,165872.28,151856.47,139702.16,129148.84,119980.62999999998,112012.01000000001,105080.43,99046.57999999999,93790.1,89223.70000000001,85235.12,81745.91,78695.25,76175.53,73991.65,72050.19,70313.89000000001,,,,,,,,,,,,,,,
Sum of InterestRevenue,NON PRIME,3464997.95,3094693.5199999996,2800512.1900000004,2510564.17,2269179.62,2058453.23,1858684.7699999998,1729004.5599999998,1623194.37,1498029.39,1431238.7,1386041.3,1341794.04,1276053.91,1211327.81,1093033.38,1039471.8600000001,986547.6399999999,886011.94,841655.3699999999,799966.1300000001,718673.6599999999,684046.74,651081.31,582780.34,555078.8699999999,528517.01,470794.39,448557.63,427320.94,379452.77,360775.81999999995,342655.76999999996,303909.38,287721.15,272323.48,240168.81999999998,227729.78000000003,216008.43,,,,,,,,,,,,,,,
,NRP-L,76314.71,73083.84999999998,69592.73999999999,66377.20999999999,63477.420000000006,60712.01000000001,58130.23,55691.98000000001,53303.770000000004,51079.46,49118.189999999995,47179.15999999999,45247.079999999994,43493.220000000016,42993.87,41688.509999999995,40511.759999999995,39461.430000000015,38354.48,37339.11999999999,36657.719999999994,35769.04,34934.52000000001,34152.729999999996,33446.44,32752.059999999998,32111.92,31512.409999999996,30894.559999999998,30293.68,29713.24,29134.859999999997,28574.640000000003,28029.73,27487.480000000003,26970.85,26467.49,25978.19,25504.46,,,,,,,,,,,,,,,
,NRP-M,1656982.3600000003,1591275.52,1531656.22,1464651.5300000003,1404793.7200000002,1350067.8399999999,1289275.4000000001,1245734.5100000002,1203037.46,1156967.02,1119910.96,1085253.55,1202945.2999999998,1173902.5299999998,1146617.4100000001,1103162.63,1077018.19,1049697.01,1005699.4099999999,981126.03,958008.8299999998,919384.3500000001,898724.48,878516.94,844118.9099999999,825284.38,806844.63,776206.43,759315.43,742549.5,714871.1699999999,698673.41,682896.1,656883.3300000001,642567.29,628479.06,603653.8800000001,590096.66,576792.08,,,,,,,,,,,,,,,
,NRP-S,778272.4800000001,736578.3300000001,696896.6799999999,655373.4600000001,619298.0000000001,585701.11,553392.8099999999,531273.96,508461.06000000006,484806.16000000003,469686.09,454701.95999999996,477583.93999999994,462711.95,448143.12,426823.6699999999,413509.27999999997,400641.17,380749.54,369579.36,358828.08999999997,341606.45999999996,331860.35000000003,322674.97000000003,306992.22,298632.55,290471.52,276518.87,269265.89,262277.17000000004,249668.26999999996,242797.35,236155.13,224363.13999999998,218018.41,211906.49000000002,200844.02999999997,195164.7,189653.31,,,,,,,,,,,,,,,
,PRIME,25622.97,25100.59,24933.07,23665.26,21595.320000000003,19444.709999999995,17328.38,15333.99,13512.220000000003,11867.659999999998,10408.52,9131.530000000002,7866.02,6856.479999999999,5978.4800000000005,5216.37,4555.83,3983.539999999999,3487.77,3058.35,2686.5800000000004,2371.92,2101.9500000000003,1868.3000000000002,1666.0200000000004,1490.92,1339.23,1207.84,1093.96,995.18,909.4899999999999,834.96,770.4999999999999,714.4100000000001,664.58,618.76,582.6700000000001,551.27,523.46,,,,,,,,,,,,,,,
Sum of Gross_Impairment_ExcludingDS,NON PRIME,-724320.96,-572026.6099999999,-1008063.82,-303319.22,-170602.0099999998,-723773.52,73021.11,160712.00999999986,-596074.02,283910.22,331094.69000000006,-598599.05,311267.79999999993,337285.2199999999,-479548.94,372803.70999999996,411566.17000000004,-227769.43,414807.1699999999,443957.4000000001,-82280.88,427475.50000000006,403041.99,-29546.329999999994,406434.81000000006,381531.44,-2547.720000000005,316044.93000000005,297160.95,-13586.58,247473.66999999998,233538.14,-4180.140000000002,196583.62,186305.94,-17325.34999999999,156868.38000000003,148665.58,-9411.680000000004,,,,,,,,,,,,,,,
,NRP-L,-9998.800000000003,-9237.960000000001,-8544.42,-7874.430000000001,-7662.850000000002,-6989.300000000002,-7099.099999999999,-6404.510000000002,-6468.71,-6667.9299999999985,-6473.41,9369.029999999999,8729.96,8105.250000000001,7438.459999999999,6944.570000000001,6479.549999999999,6046.740000000001,5683.799999999999,8958.519999999999,8396.89,8039.289999999999,7589.699999999999,7120.92,6783.87,6544.05,6178.080000000001,5962.07,5769.82,5587.55,5442.81,5302.64,5172.549999999999,5052.4400000000005,4938.06,4829.61,4726.33,4627.46,4532.71,,,,,,,,,,,,,,,
,NRP-M,-876332.41,-584526.5599999999,-677672.4900000001,-331554.48000000004,-276462.95999999996,-635244.15,-233327.81000000003,-221368.15999999997,-670781.47,-194209.61,-183217.44,-729811.0700000002,-161754.02000000002,-150049.99000000002,-752759.1199999999,-122675.47,-108241.27,-686641.5700000002,-84688.03,-75816.98,-598798.1299999999,-56364.39,-48709.16,-494401.37000000005,-29770.119999999995,-12701.910000000003,-383632.52,3962.9900000000016,8144.799999999996,-294396.32,16575.179999999997,28823.85,-216569.84,66085.94,68283.76000000001,-211280.78999999998,89219.01,99590.07999999999,-161713.69,,,,,,,,,,,,,,,
,NRP-S,-308955.62,-236072.74999999997,-318924.18,-138025.46000000002,-108348.72,-250482.68,-41392.999999999985,-30958.03999999999,-211142.93000000005,-17726.109999999993,-12293.090000000004,-223938.78999999998,-7232.220000000004,-2604.2799999999843,-230832.75,6810.879999999997,9845.070000000003,-200866.49000000002,14715.329999999998,16644.72999999998,-168308.92,27861.879999999983,30894.719999999998,-132931.65,34331.73,34198.01999999999,-107753.8,45091.3,48362.36999999999,-75181.01,52731.04000000001,54691.729999999996,-56395.81999999999,53934.64,52832.67000000001,-55588.899999999994,54649.200000000004,54890.1,-52651.259999999995,,,,,,,,,,,,,,,
,PRIME,5457.97,21676.7,31892.62,31977.01,34903.729999999996,63524.100000000006,44703.880000000005,49674.5,43143.350000000006,37376.15,32354.26,27969.04,24159.899999999998,20859.95,18003.0,15533.09,13399.449999999999,11557.26,9967.41,8595.72,7412.47,6391.93,5511.81,4752.849999999999,4098.39,3534.0699999999997,3047.48,2627.92,2266.15,1954.22,1685.25,1453.33,1253.35,1080.91,932.21,803.99,693.43,598.08,515.86,,,,,,,,,,,,,,,
Sum of Net_Impairment,NON PRIME,-724320.96,-572026.6099999999,-975025.1900000001,-303319.22,-170602.0099999998,-685747.99,73021.11,160712.00999999986,-550224.48,283910.22,331094.69000000006,-547163.5700000001,311267.79999999993,337285.2199999999,-430918.12,372803.70999999996,411566.17000000004,-187141.72,414807.1699999999,443957.4000000001,-49207.55999999998,427475.50000000006,403041.99,-1901.7399999999943,406434.81000000006,381531.44,20889.07999999999,316044.93000000005,297160.95,5455.099999999997,247473.66999999998,233538.14,10419.93,196583.62,186305.94,-4730.2000000000035,156868.38000000003,148665.58,348.8899999999978,,,,,,,,,,,,,,,
,NRP-L,-9998.800000000003,-9237.960000000001,-8544.42,-7874.430000000001,-7662.850000000002,-6989.300000000002,-7099.099999999999,-6404.510000000002,-6468.71,-6667.9299999999985,-6473.41,9369.029999999999,8729.96,8105.250000000001,7438.459999999999,6944.570000000001,6479.549999999999,6046.740000000001,5683.799999999999,8958.519999999999,8396.89,8039.289999999999,7589.699999999999,7120.92,6783.87,6544.05,6178.080000000001,5962.07,5769.82,5587.55,5442.81,5302.64,5172.549999999999,5052.4400000000005,4938.06,4829.61,4726.33,4627.46,4532.71,,,,,,,,,,,,,,,
,NRP-M,-876332.41,-584526.5599999999,-665601.9700000001,-331554.48000000004,-276462.95999999996,-620308.46,-233327.81000000003,-221368.15999999997,-652358.8600000001,-194209.61,-183217.44,-707580.4799999999,-161754.02000000002,-150049.99000000002,-727943.3,-122675.47,-108241.27,-662476.2100000001,-84688.03,-75816.98,-576290.23,-56364.39,-48709.16,-474642.57999999996,-29770.119999999995,-12701.910000000003,-366277.9,3962.9900000000016,8144.799999999996,-279943.93,16575.179999999997,28823.85,-202488.90000000002,66085.94,68283.76000000001,-196728.9,89219.01,99590.07999999999,-147449.29,,,,,,,,,,,,,,,
,NRP-S,-308955.62,-236072.74999999997,-313349.83,-138025.46000000002,-108348.72,-242824.1,-41392.999999999985,-30958.03999999999,-203041.68000000002,-17726.109999999993,-12293.090000000004,-214765.11,-7232.220000000004,-2604.2799999999843,-220744.88,6810.879999999997,9845.070000000003,-191279.7,14715.329999999998,16644.72999999998,-159521.17,27861.879999999983,30894.719999999998,-124961.45,34331.73,34198.01999999999,-100381.08,45091.3,48362.36999999999,-68720.39,52731.04000000001,54691.729999999996,-50418.3,53934.64,52832.67000000001,-49579.23,54649.200000000004,54890.1,-46834.76,,,,,,,,,,,,,,,
,PRIME,5457.97,21676.7,31892.62,31977.01,34903.729999999996,63524.100000000006,44703.880000000005,49674.5,43143.350000000006,37376.15,32354.26,27969.04,24159.899999999998,20859.95,18003.0,15533.09,13399.449999999999,11557.26,9967.41,8595.72,7412.47,6391.93,5511.81,4752.849999999999,4098.39,3534.0699999999997,3047.48,2627.92,2266.15,1954.22,1685.25,1453.33,1253.35,1080.91,932.21,803.99,693.43,598.08,515.86,,,,,,,,,,,,,,,
,,,,,,,,,,,,,,,,,,,,,,,,,,,,,,,,,,,,,,,,,,,,,,,,,,,,,,,
,,,,,,,,,,,,,,,,,,,,,,,,,,,,,,,,,,,,,,,,,,,,,,,,,,,,,,,
,,,,,,,,,,,,,,,,,,,,,,,,,,,,,,,,,,,,,,,,,,,,,,,,,,,,,,,
,,,,,,,,,,,,,,,,,,,,,,,,,,,,,,,,,,,,,,,,,,,,,,,,,,,,,,,
FORECAST>>>,,,,,,,,,,,,,,,,,,,,,,,,,,,,,,,,,,,,,,,,,,,2026.0,2027.0,2028.0,Total,,,,,,,,,
,,,,,,,,,,,,,,,,,,,,,,,,,,,,,,,,,,,,,,,,,,,,,,,,,,,,,,,
,Non Prime,-10414935.22,-9917015.200000001,-9371613.780000001,-8724826.61,-8232618.61,-7737619.26,-7090808.359999999,-6679037.58,-6228192.32,-5593352.720000001,-5104935.63,-4736854.880000001,-4132016.19,-3904546.5599999996,-3611975.5500000003,-3178616.3,-3023779.77,-2829760.29,-2502291.55,-2345448.32,-2200081.51,-1945613.6900000002,-1827692.9700000002,-1718106.63,-1517209.6500000001,-1428085.5499999998,-1345055.37,-1183848.01,-1116307.16,-1053220.1099999999,-926833.4600000001,-875274.5900000001,-826923.66,-729928.88,-690005.98,-652395.88,-572732.31,-541707.8300000001,-512477.12000000005,,,-71776784.27,-25861741.599999998,-9681654.989999998,-107320180.85999998,0.0,0.0,0.0,0.0,0.0,0.0,0.0,0.0,0.0
,Near Prime Small,-2494655.0699999994,-2461852.0900000003,-2369145.3999999994,-2265912.38,-2164233.4499999997,-2063593.4299999995,-1934773.9400000002,-1868471.18,-1789150.52,-1675753.15,-1584302.1600000004,-1494869.63,-1396309.7600000002,-1342156.1000000003,-1273196.9900000002,-1209439.8399999999,-1160456.2099999997,-1112741.7599999998,-1046490.2400000001,-1004166.2500000001,-964436.0000000001,-907197.54,-870200.4599999998,-836569.9,-786316.2000000001,-757188.3400000001,-729131.9199999999,-687454.7400000001,-662489.7700000001,-638673.19,-604381.5700000001,-582939.5199999999,-563372.65,-532327.24,-516709.75,-502180.07,-474463.0799999999,-460162.18,-446256.69,,,-20852722.690000005,-11384334.659999998,-6671410.450000001,-38908467.800000004,0.0,0.0,0.0,0.0,0.0,0.0,0.0,0.0,0.0
,Near Prime Medium,-5250278.609999999,-5136465.58,-5012549.7,-4898708.109999999,-4712328.07,-4643951.59,-4458976.63,-4213967.200000001,-4107582.0,-3846495.7299999995,-3600750.75,-3450781.2400000007,-3283054.6900000004,-3150536.6399999997,-3048952.9799999995,-2924000.08,-2877924.5900000003,-2782194.86,-2647827.68,-2557411.9299999997,-2478606.8,-2362636.34,-2288233.24,-2219598.4800000004,-2117653.3200000003,-2054912.9000000004,-1992353.12,-1909376.32,-1855102.0699999998,-1802481.8800000001,-1730109.2100000002,-1686194.86,-1641272.9300000002,-1574596.92,-1538339.94,-1501562.4300000002,-1439829.2000000002,-1404909.03,-1370589.09,,,-47416085.629999995,-29303353.34,-19454363.88,-96173802.85,0.0,0.0,0.0,0.0,0.0,0.0,0.0,0.0,0.0
,Prime,-390422.42000000004,-402811.78,-389364.9100000001,-337355.26000000007,-309589.88,-267064.58999999997,-233118.22,-203944.32,-177566.00999999995,-154208.29,-133811.71000000002,-115812.53,-100215.41999999998,-86678.75,-74941.03000000001,-64784.96000000001,-55998.69999999999,-48401.35999999999,-41835.15999999999,-36160.70999999999,-31308.91,-27080.76,-23425.35,-20273.430000000004,-17533.309999999998,-15174.509999999998,-13135.859999999995,-11372.730000000003,-9849.789999999999,-8533.220000000001,-7394.910000000002,-6438.26,-5591.51,-4860.37,-4275.4400000000005,-3898.8599999999997,-3459.9599999999996,-3090.79,-2775.62,,,-2194306.0100000002,-395113.01999999996,-71541.46,-2660960.49,0.0,0.0,0.0,0.0,0.0,0.0,0.0,0.0,0.0
,BB total collections ,-18550291.32,-17918144.650000002,-17142673.79,-16226802.359999998,-15418770.010000002,-14712228.87,-13717677.15,-12965420.280000001,-12302490.85,-11269809.89,-10423800.25,-9798318.280000001,-8911596.06,-8483918.05,-8009066.550000001,-7376841.18,-7118159.2700000005,-6773098.2700000005,-6238444.630000001,-5943187.21,-5674433.22,-5242528.33,-5009552.02,-4794548.4399999995,-4438712.4799999995,-4255361.3,-4079676.27,-3792051.8000000003,-3643748.79,-3502908.4,-3268719.1500000004,-3150847.2299999995,-3037160.75,-2841713.41,-2749331.11,-2660037.2399999998,-2490484.55,-2409869.83,-2332098.5200000005,,,-142239898.6,-66944542.61999999,-35878970.78,-245063411.99999997,0.0,0.0,0.0,0.0,0.0,0.0,0.0,0.0,0.0
,as % of prior closing GBV,,,,,,,,,,,,,,,,,,,,,,,,,,,,,0.0,,,,,,,,,,,,,0.0,0.0,0.0,0,,,,,,,,,
,Non Prime as % of prior closing GBV,,,,,,,,,,,,,,,,,,,,,,,,,,,,,0.0,,,,,,,,,,,,,0.0,0.0,0.0,0,,,,,,,,,
,Near Prime Small as % of prior closing GBV,,,,,,,,,,,,,,,,,,,,,,,,,,,,,0.0,,,,,,,,,,,,,0.0,0.0,0.0,0,,,,,,,,,
,Near Prime Medium as % of prior closing GBV,,,,,,,,,,,,,,,,,,,,,,,,,,,,,0.0,,,,,,,,,,,,,0.0,0.0,0.0,0,,,,,,,,,
,Prime as % of prior closing GBV,,,,,,,,,,,,,,,,,,,,,,,,,,,,,0.0,,,,,,,,,,,,,0.0,0.0,0.0,0,,,,,,,,,
,,,,,,,,,,,,,,,,,,,,,,,,,,,,,,0.0,,,,,,,,,,,,,0.0,0.0,0.0,0,,,,,,,,,
,Non Prime,110675448.3,103791467.94,95838869.72,89566651.78,83545603.9,76287993.01,70998805.13999999,65991695.580000006,59495679.980000004,55343670.980000004,51613461.370000005,46148933.81,43302842.760000005,40618800.650000006,36217762.3,34077597.47,32039226.249999996,28517426.610000003,26848391.12,25292542.11,22518158.85,21240724.099999998,20047428.08,17825867.56,16843663.740000002,15923864.56,14124078.36,13366326.7,719131901.2599999,11224841.92,10636043.370000001,10081241.79,8973791.36,8509730.75,8070531.569999999,7150861.290000001,6783637.5,6436109.590000001,5716767.81,,,36217762.3,14124078.36,5716767.81,,0.0,0.0,0.0,0.0,0.0,0.0,0.0,0.0,0.0
,Near Prime Small,41295869.91,39568702.239999995,37671982.339999996,36060091.3,34513986.7,32728629.050000004,31346131.91,30007904.35,28402205.560000002,27210373.89,26094921.59,24687008.549999997,23767537.449999996,22887386.699999996,21658147.42,20874906.749999996,20127364.759999998,19031224.87,18364955.62,17729864.46,16772266.309999999,16206225.110000003,15667454.950000003,14834340.32,14354630.89,13895706.48,13161784.780000001,12750518.610000001,339364324.46999997,11721854.46,11366856.469999999,11026441.18,10459860.34,10151650.67,9852723.45,9321836.49,9048005.139999999,8782803.57,8293344.12,,,21658147.42,13161784.780000001,8293344.12,,0.0,0.0,0.0,0.0,0.0,0.0,0.0,0.0,0.0
,Near Prime Medium,108112383.81,104636192.66000001,100738544.71000001,97367836.31000002,94121842.95,90289245.44999999,87176153.80999999,84262321.12,80673082.96999998,78033730.03999999,75601258.43,72393025.63000001,70357604.42,68423973.53999999,65571568.199999996,63792040.599999994,62031305.23999999,59371345.83,57767291.760000005,56228085.489999995,53843587.46,52435880.54000001,51081094.4,48983612.400000006,47743334.75,46546275.94,44698519.620000005,43596694.03,964271642.8699999,40923746.62,39938069.190000005,38979533.580000006,37486349.480000004,36596524.70999999,35728101.449999996,34299775.93,33489937.069999997,32700974.360000007,31361980.129999995,,,65571568.199999996,44698519.620000005,31361980.129999995,,0.0,0.0,0.0,0.0,0.0,0.0,0.0,0.0,0.0
,Prime,3278581.04,2900649.3200000003,2536008.14,2222270.41,1934220.0299999996,1686537.4200000002,1470679.1300000001,1282005.0399999998,1117890.12,975491.04,852019.63,745258.4900000001,652819.68,572900.9099999999,503836.38999999996,444161.70999999996,392579.25999999995,347968.67,309378.17000000004,275985.1,247090.84999999998,222074.5,200413.28,181644.51,165391.71,151304.25,139088.52,128491.95000000001,14015928.29,111306.13,104364.38,98344.65,93102.72,88532.60999999999,84549.72,81226.02000000002,78348.72,75809.18,73557.02,,,503836.38999999996,139088.52,73557.02,,0.0,0.0,0.0,0.0,0.0,0.0,0.0,0.0,0.0
,BB Closing GBV,263362283.05999997,250897012.16000003,236785404.91,225216849.8,214115653.58,200992404.92999998,190991769.98999995,181543926.09,169688858.63,161563265.95,154161661.02,143974226.48000002,138080804.31,132503061.79999998,123951314.30999999,119188706.52999999,114590475.50999998,107267965.98,103290016.67,99526477.16,93381103.47,90104904.25,86996390.71000001,81825464.79,79107021.08999999,76517151.22999999,72123471.28,69842031.29,2036783796.8899999,63981749.13,62045333.410000004,60185561.2,57013103.900000006,55346438.739999995,53735906.19,50853699.730000004,49399928.42999999,47995696.70000001,45445649.08,,,123951314.30999999,72123471.28,45445649.08,,0.0,0.0,0.0,0.0,0.0,0.0,0.0,0.0,0.0
,Non Prime Mix,,,,,,,,,,,,,,,,,,,,,,,,,,,,,0.0,,,,,,,,,,,,,0.0,0.0,0.0,,,,,,,,,,
,Near Prime Small Mix,,,,,,,,,,,,,,,,,,,,,,,,,,,,,0.0,,,,,,,,,,,,,0.0,0.0,0.0,0,,,,,,,,,
,Near Prime Medium Mix,,,,,,,,,,,,,,,,,,,,,,,,,,,,,0.0,,,,,,,,,,,,,0.0,0.0,0.0,0,,,,,,,,,
,Prime Mix,,,,,,,,,,,,,,,,,,,,,,,,,,,,,0.0,,,,,,,,,,,,,0.0,0.0,0.0,0,,,,,,,,,
,,,,,,,,,,,,,,,,,,,,,,,,,,,,,,0.0,,,,,,,,,,,,,0.0,0.0,0.0,0,,,,,,,,,
,Non Prime,,,,,,,,,,,,,,,,,,,,,,,,,,,,,0.0,,,,,,,,,,,,,0.0,0.0,0.0,0,,,,,,,,,
,Near Prime Small,,,,,,,,,,,,,,,,,,,,,,,,,,,,,0.0,,,,,,,,,,,,,0.0,0.0,0.0,0,,,,,,,,,
,Near Prime Medium,,,,,,,,,,,,,,,,,,,,,,,,,,,,,0.0,,,,,,,,,,,,,0.0,0.0,0.0,0,,,,,,,,,
,Prime,,,,,,,,,,,,,,,,,,,,,,,,,,,,,0.0,,,,,,,,,,,,,0.0,0.0,0.0,0,,,,,,,,,
,BB Average GBV,,,,,,,,,,,,,,,,,,,,,,,,,,,,,0.0,,,,,,,,,,,,,0.0,0.0,0.0,0,,,,,,,,,
,Non Prime Mix,,,,,,,,,,,,,,,,,,,,,,,,,,,,,0.0,,,,,,,,,,,,,0.0,0.0,0.0,0,,,,,,,,,
,Near Prime Small Mix,,,,,,,,,,,,,,,,,,,,,,,,,,,,,0.0,,,,,,,,,,,,,0.0,0.0,0.0,0,,,,,,,,,
,Near Prime Medium Mix,,,,,,,,,,,,,,,,,,,,,,,,,,,,,0.0,,,,,,,,,,,,,0.0,0.0,0.0,0,,,,,,,,,
,Prime Mix,,,,,,,,,,,,,,,,,,,,,,,,,,,,,0.0,,,,,,,,,,,,,0.0,0.0,0.0,0,,,,,,,,,
,,,,,,,,,,,,,,,,,,,,,,,,,,,,,,0.0,,,,,,,,,,,,,0.0,0.0,0.0,0,,,,,,,,,
,Non Prime,93895503.94999999,86448751.07000002,78534639.66,71967178.19,65782491.64999999,59001176.67999999,53790320.61000001,48948723.66,43300639.69,39436188.809999995,36040317.68,31595160.869999997,29062778.29,26718213.39,23366602.310000002,21600895.839999996,19975578.859999996,17503060.89,16249969.01,15139104.750000002,13321873.86,12472709.469999999,11683176.62,10300764.739999998,9725559.68,9187805.7,8121856.45,7680552.130000001,529009791.83,6421256.380000001,6080224.46,5759230.18,5106289.250000001,4839028.43,4586334.4399999995,4045011.9199999995,3834815.9799999995,3636101.0700000003,3213966.47,,,23366602.310000002,8121856.45,3213966.47,,0.0,0.0,0.0,0.0,0.0,0.0,0.0,0.0,0.0
,Near Prime Small,37560057.66,35598711.15,33559598.830000006,31811034.449999996,30157750.3,28363511.59,26940737.419999994,25572582.160000004,24011079.09,22802406.0,21675496.85,20332496.59,19406538.57,18524490.169999998,17381848.07,16606042.709999999,15868940.88,14873527.35,14222502.009999998,13604559.869999997,12755068.61,12217339.39,11709893.999999996,10994523.51,10549531.27,10125173.51,9515353.940000001,9149509.33,286979971.26,8297509.359999999,7995527.070000001,7710076.630000002,7275056.540000001,7021027.1,6775168.42,6377622.81,6158652.99,5948545.609999999,5589269.130000001,,,17381848.07,9515353.940000001,5589269.130000001,,0.0,0.0,0.0,0.0,0.0,0.0,0.0,0.0,0.0
,Near Prime Medium,100689052.22,96623181.48999998,92421857.30000001,88714748.98,85186566.28,81182714.05999999,77830716.14,74690402.82,71003477.50999999,68164150.66999999,65542738.23000001,62312764.769999996,60124878.38,58049792.77,55231714.78000001,53336834.94,51474678.519999996,48893225.599999994,47210447.52000001,45604642.26,43336732.87,41880924.8,40485231.04,38521096.21,37258022.01,36054987.730000004,34374887.15,33283154.639999997,848034665.3899999,30789439.35,29825932.490000002,28901672.279999997,27639377.05,26820831.53,26025768.2,24848057.779999997,24132295.24,23447678.580000002,22399531.44,,,55231714.78000001,34374887.15,22399531.44,,0.0,0.0,0.0,0.0,0.0,0.0,0.0,0.0,0.0
,Prime,2682770.3500000006,2326735.8700000006,1994196.6499999997,1712481.66,1459378.19,1275260.34,1104144.08,965170.9299999999,844217.1999999998,739204.5299999999,648095.57,569309.8400000001,501035.64999999997,441980.11,390920.8599999999,346780.86,308599.03,275546.57999999996,246924.11000000002,222127.19000000003,200645.72999999998,182021.53,165872.28,151856.47,139702.16,129148.84,119980.62999999998,112012.01000000001,10651198.959999999,99046.57999999999,93790.1,89223.70000000001,85235.12,81745.91,78695.25,76175.53,73991.65,72050.19,70313.89000000001,,,390920.8599999999,119980.62999999998,70313.89000000001,,0.0,0.0,0.0,0.0,0.0,0.0,0.0,0.0,0.0
,BB Closing NBV,234827384.17999998,220997379.58,206510292.44000003,194205443.28,182586186.42,169822662.67,159665918.25000003,150176879.57,139159413.48999998,131141950.00999999,123906648.33000001,114809732.07,109095230.89000002,103734476.44000001,96371086.02000001,91890554.35,87627797.28999999,81545360.42,77929842.65,74570434.07,69614321.07000001,66752995.19,64044173.94,59968240.93,57672815.11999999,55497115.78000001,52132078.17,50225228.10999999,1674675627.44,45607251.67,43995474.120000005,42460202.79000001,40105957.96,38762632.97,37465966.31,35346868.04,34199755.85999999,33104375.450000003,31273080.930000003,,,96371086.02000001,52132078.17,31273080.930000003,,0.0,0.0,0.0,0.0,0.0,0.0,0.0,0.0,0.0
,Non Prime Mix,,,,,,,,,,,,,,,,,,,,,,,,,,,,,0.0,,,,,,,,,,,,,0.0,0.0,0.0,,,,,,,,,,
,Near Prime Small Mix,,,,,,,,,,,,,,,,,,,,,,,,,,,,,0.0,,,,,,,,,,,,,0.0,0.0,0.0,,,,,,,,,,
,Near Prime Medium Mix,,,,,,,,,,,,,,,,,,,,,,,,,,,,,0.0,,,,,,,,,,,,,0.0,0.0,0.0,0,,,,,,,,,
,Prime Mix,,,,,,,,,,,,,,,,,,,,,,,,,,,,,0.0,,,,,,,,,,,,,0.0,0.0,0.0,0,,,,,,,,,
,,,,,,,,,,,,,,,,,,,,,,,,,,,,,,0.0,,,,,,,,,,,,,0.0,0.0,0.0,0,,,,,,,,,
,Non Prime,,,,,,,,,,,,,,,,,,,,,,,,,,,,,0.0,,,,,,,,,,,,,0.0,0.0,0.0,0,,,,,,,,,
,Near Prime Small,,,,,,,,,,,,,,,,,,,,,,,,,,,,,0.0,,,,,,,,,,,,,0.0,0.0,0.0,0,,,,,,,,,
,Near Prime Medium,,,,,,,,,,,,,,,,,,,,,,,,,,,,,0.0,,,,,,,,,,,,,0.0,0.0,0.0,0,,,,,,,,,
,Prime,,,,,,,,,,,,,,,,,,,,,,,,,,,,,0.0,,,,,,,,,,,,,0.0,0.0,0.0,0,,,,,,,,,
,BB Average NBV,,,,,,,,,,,,,,,,,,,,,,,,,,,,,0.0,,,,,,,,,,,,,0.0,0.0,0.0,0,,,,,,,,,
,Non Prime Mix,,,,,,,,,,,,,,,,,,,,,,,,,,,,,0.0,,,,,,,,,,,,,0.0,0.0,0.0,0,,,,,,,,,
,Near Prime Small Mix,,,,,,,,,,,,,,,,,,,,,,,,,,,,,0.0,,,,,,,,,,,,,0.0,0.0,0.0,0,,,,,,,,,
,Near Prime Medium Mix,,,,,,,,,,,,,,,,,,,,,,,,,,,,,0.0,,,,,,,,,,,,,0.0,0.0,0.0,0,,,,,,,,,
,Prime Mix,,,,,,,,,,,,,,,,,,,,,,,,,,,,,0.0,,,,,,,,,,,,,0.0,0.0,0.0,0,,,,,,,,,
,,,,,,,,,,,,,,,,,,,,,,,,,,,,,,0.0,,,,,,,,,,,,,0.0,0.0,0.0,0,,,,,,,,,
,Non Prime,3464997.95,3094693.5199999996,2800512.1900000004,2510564.17,2269179.62,2058453.23,1858684.7699999998,1729004.5599999998,1623194.37,1498029.39,1431238.7,1386041.3,1341794.04,1276053.91,1211327.81,1093033.38,1039471.8600000001,986547.6399999999,886011.94,841655.3699999999,799966.1300000001,718673.6599999999,684046.74,651081.31,582780.34,555078.8699999999,528517.01,470794.39,20193565.869999997,427320.94,379452.77,360775.81999999995,342655.76999999996,303909.38,287721.15,272323.48,240168.81999999998,227729.78000000003,216008.43,,,20193565.869999997,9366864.249999998,23722426.599999998,53282856.72,0.0,0.0,0.0,0.0,0.0,0.0,0.0,0.0,0.0
,Near Prime Small,778272.4800000001,736578.3300000001,696896.6799999999,655373.4600000001,619298.0000000001,585701.11,553392.8099999999,531273.96,508461.06000000006,484806.16000000003,469686.09,454701.95999999996,477583.93999999994,462711.95,448143.12,426823.6699999999,413509.27999999997,400641.17,380749.54,369579.36,358828.08999999997,341606.45999999996,331860.35000000003,322674.97000000003,306992.22,298632.55,290471.52,276518.87,6251133.620000001,262277.17000000004,249668.26999999996,242797.35,236155.13,224363.13999999998,218018.41,211906.49000000002,200844.02999999997,195164.7,189653.31,,,6251133.620000001,4242369.18,8758500.49,19252003.29,0.0,0.0,0.0,0.0,0.0,0.0,0.0,0.0,0.0
,Near Prime Medium,1733297.0700000003,1664359.37,1601248.96,1531028.7400000002,1468271.1400000001,1410779.8499999999,1347405.6300000001,1301426.4900000002,1256341.23,1208046.48,1169029.15,1132432.71,1248192.38,1217395.7499999998,1189611.2800000003,1144851.14,1117529.95,1089158.44,1044053.8899999999,1018465.15,994666.5499999998,955153.3900000001,933659.0,912669.6699999999,877565.3499999999,858036.44,838956.55,807718.8400000001,15479960.830000002,772843.18,744584.4099999999,727808.27,711470.74,684913.06,670054.77,655449.91,630121.3700000001,616074.85,602296.5399999999,,,15479960.830000002,11784765.52,23103296.77,50368023.120000005,0.0,0.0,0.0,0.0,0.0,0.0,0.0,0.0,0.0
