Cohort,Segment,StartingGBV,PQ_Coll_Rate,PQ_Revenue_Rate,PQ_Principal_Rate,PQ_Interest_Rate,Actual_Coll_Rate,Actual_Revenue_Rate,Actual_Principal_Rate,Actual_Interest_Rate
201912,NRP-S,60918.41999999999,-0.0040507218267277,0.0083333333333333,0.0,-0.0040507218267277,-0.0040507218267277,0.0083333333333333,0.0,-0.0040507218267277
202001,NON PRIME,98748.52000000002,0.0,0.0083333333333333,0.0,0.0,0.05,0.0,0.05,0.0010508492373926968
202001,NRP-S,4571.870000000001,0.0,0.0083333333333333,0.0,0.0,-0.2,0.0,-0.2,0.0
202101,NON PRIME,832148.8999999999,0.0,0.0083333333333333,0.0,0.0,-0.03752849590741766,0.0,-0.016023695747266562,-0.021504800160151095
202101,NRP-M,3035583.9,-0.07313923,0.010208119025845,-0.07313923,0.0,-0.1598702453155309,0.012118949834665797,-0.1463978250260481,-0.013472420289482824
202101,NRP-S,2237190.62,-0.07403968,0.0106469523176989,-0.07403968,0.0,-0.09162806892041217,0.01112411099908333,-0.0811607575612272,-0.010467311359184966
202101,PRIME,3441726.03,-0.068605779,0.0083333333333333,-0.068605779,0.0,-0.068605779,0.0083333333333333,-0.068605779,0.0
202201,NON PRIME,1301210.18,-0.1082262623405376,0.01019598375111,-0.094739375,-0.0134868873405376,-0.007438139101031891,0.0,-0.017789541188130358,0.010351402087098466
202201,NRP-M,194456.57,-0.0836394204669089,0.0112614565789034,-0.071473967,-0.0121654534669089,-0.06719440709767509,0.011763679724651994,-0.05695714733339175,-0.010237259764283338
202201,NRP-S,469898.68,-0.0128309411161618,0.0098161062560049,-0.002,-0.0108309411161618,-0.06826660913817925,0.013096443922661915,-0.055806926384036365,-0.012459682754142887
202201,PRIME,114921.47,-0.1192995707286759,0.0089101128641964,-0.1100105139999999,-0.0092890567286759,-0.08747331995880536,0.008048913342230577,-0.07949130180498803,-0.007982018153817329
202301,NON PRIME,7243912.09,-0.076308978,0.0154482859353957,-0.076308978,0.0,-0.09643193512773807,0.017501384061326303,-0.07752877534247413,-0.018903159785263947
202301,NRP-L,1160678.27,-0.03717244,0.0103461565484954,-0.03717244,0.0,-0.03717244,0.0103461565484954,-0.03717244,0.0
202301,NRP-M,11951897.25,-0.038675193,0.013627184982623,-0.038675193,0.0,-0.038675193,0.013627184982623,-0.038675193,0.0
202301,NRP-S,4875102.47,-0.091882725,0.0150574820476038,-0.061882725,-0.03,-0.1462078823570138,0.01589226565522304,-0.1299317162689731,-0.016276166088040705
202404,NON PRIME,1439613.0899999996,-0.1119830695046885,0.0203782482127001,-0.089870411,-0.0221126585046885,-0.09236001613015477,0.024307897237381918,-0.06668909241634279,-0.025670923713811973
202404,NRP-L,312423.2,-0.0826038022790139,0.0130320640429038,-0.068010122,-0.0145936802790139,-0.04163430531752503,0.014528874086018306,-0.02707031604783176,-0.014563989269693269
202404,NRP-M,2980564.9000000004,-0.0604239822443808,0.0144491601159043,-0.045967313,-0.0144566692443808,-0.04880232555670008,0.015247139560996603,-0.033818562541342995,-0.014983763015357086
202404,NRP-S,1135465.04,-0.0639370103702509,0.0157142983056292,-0.0477141361728248,-0.0162228741974261,-0.06408834614757575,0.01702331876668314,-0.046722581345315595,-0.017365764802260153
202405,NON PRIME,1749500.3,-0.0810663606936178,0.0204444422858944,-0.059240555826335,-0.0218258048672827,-0.08673726268424403,0.024392411882842847,-0.06134380959126335,-0.025393453092980686
202405,NRP-L,474179.94,-0.0442535623173908,0.0128960340264595,-0.0318561992740417,-0.012397363043349,-0.045221105783589954,0.014112903509945575,-0.0310853213148368,-0.014135784468753151
202405,NRP-M,2724042.47,-0.0408609402585875,0.0144698485913142,-0.0261015663293081,-0.0147593739292793,-0.04661227871513107,0.015768377209545603,-0.03080297544242399,-0.015809303272707086
202405,NRP-S,1006382.04,-0.0679712499832551,0.0162944280018955,-0.0510894117872631,-0.0168818381959919,-0.06965796720617502,0.01767001252056125,-0.051640405369095,-0.01801756183708002
202405,PRIME,4824.29,-0.0261807671278858,0.0100747872586797,-0.0161468970215886,-0.0100338701062972,-0.02592515685311795,0.0102004498429043,-0.015597788434108107,-0.01032736841900984
202406,NON PRIME,2338555.87,-0.0883400794279065,0.0220533267365067,-0.064744089,-0.0235959904279065,-0.08765997276283959,0.026190338368779473,-0.060655050310122624,-0.027004922452716972
202406,NRP-L,263352.54000000004,-0.0154642796015158,0.0150910573642255,0.0,-0.0154642796015158,-0.0445049414954395,0.01429082914929142,-0.030118897945991135,-0.014386043549448365
202406,NRP-M,2559981.85,-0.0443874212310784,0.0142058423371304,-0.0304792749999999,-0.0139081462310784,-0.05099508621757726,0.015726513602474658,-0.036023371813577405,-0.014971714403999853
202406,NRP-S,1206635.83,-0.0710603074972081,0.0165934440272594,-0.053663639,-0.0173966684972081,-0.06965935665400849,0.018109238431731997,-0.05105068540189557,-0.018608671252112914
202407,NON PRIME,2523024.380000001,-0.0847534520437954,0.0227911208357712,-0.0605759820777358,-0.0241774699660596,-0.09288675871793704,0.026638983618549602,-0.06558591974141888,-0.027300838976518162
202407,NRP-L,471704.42,-0.0540038017918346,0.0146100311036824,-0.0387882171953963,-0.0152155845964382,-0.041981083712168896,0.015021560839453406,-0.026840678679273006,-0.01514040503289589
202407,NRP-M,4349482.11,-0.0414354200659434,0.014383807167615,-0.026757402041689,-0.0146780180242543,-0.04418786733189641,0.015471017691193146,-0.028669519636857994,-0.015518347695038417
202407,NRP-S,1186959.49,-0.0757352069592524,0.0168481486882262,-0.0583319141283677,-0.0174032928308847,-0.07096949797386347,0.018320041688125892,-0.05248351778943706,-0.01848598018442641
202407,PRIME,3074.04,-0.0592266333287242,0.0100326772519103,-0.0488573785631977,-0.0103692547655264,-0.05537591332401059,0.010133167847594434,-0.04501321902349246,-0.010362694300518133
202408,NON PRIME,2642668.7499999995,-0.0888180942503412,0.0219488944329521,-0.06510046389549,-0.0237176303548511,-0.09329119445549651,0.027056155907219714,-0.06506325532344649,-0.028227939132050017
202408,NRP-L,570319.56,-0.0450552963171488,0.0152851171799328,-0.029432438895651,-0.0156228574214977,-0.03787243573722504,0.01570802753372291,-0.022352080009485895,-0.015520355727739148
202408,NRP-M,2983355.65,-0.0434089592297665,0.015367199085322,-0.0279703591547974,-0.0154386000749691,-0.04794100511620324,0.01650290044426545,-0.031378897869344745,-0.016562107246858495
202408,NRP-S,1318156.9200000002,-0.0649359153366651,0.0172865882822319,-0.0470141234013974,-0.0179217919352677,-0.06615426623424062,0.018696822340369006,-0.047092988882649386,-0.019061277351591226
202409,NON PRIME,2580823.24,-0.0909501335862087,0.0228671292520501,-0.0661108975829013,-0.0248392360033074,-0.09161828560211077,0.027845839200652513,-0.06348519011395498,-0.02813309548815579
202409,NRP-L,604094.49,-0.0383634443607309,0.0152260554162157,-0.0229957307833932,-0.0153677135773377,-0.04322482247112686,0.015693197756484124,-0.02744379006581793,-0.015781032405308933
202409,NRP-M,3038266.8,-0.0480675807112815,0.0153020232471114,-0.0323789479979797,-0.0156886327133017,-0.05051324320382392,0.016560694285028987,-0.034085933335104776,-0.01642730986871915
202409,NRP-S,1203094.8800000004,-0.0750190505435728,0.0168704099210221,-0.0566617934819267,-0.018357257061646,-0.06840193475993683,0.018397803651302145,-0.049508450075475254,-0.018893484684461587
202409,PRIME,10148.72,-0.0505720793508709,0.0100584740845944,-0.0401791422952742,-0.0103929370555967,-0.04782329334436277,0.010148580237369044,-0.03749020257419744,-0.010333090770165332
202410,NON PRIME,3386607.26,-0.0874083740576838,0.0232185452759837,-0.0615033757817206,-0.0259049982759632,-0.08993697813752745,0.029412752368949108,-0.06011432550881546,-0.02982265262871198
202410,NRP-L,463335.09,-0.0400531377264013,0.0162671837927962,-0.0233117986160492,-0.0167413391103521,-0.04839375149626081,0.015535583776723082,-0.032857501900096425,-0.015536249596164387
202410,NRP-M,2948745.809999999,-0.0468437845728229,0.014701083133057,-0.0312573633505877,-0.0155864212222351,-0.04307130251069836,0.016517697474153353,-0.026587658135405118,-0.01648364437529324
202410,NRP-S,1148959.1199999996,-0.0691701774395193,0.0170353264329407,-0.0507771216107999,-0.0183930558287193,-0.07078062468640987,0.01897102294965723,-0.051654389622305855,-0.019126235064104023
202411,NON PRIME,3628698.04,-0.090564174438338,0.0247877337506715,-0.0635913373920916,-0.0269728370462463,-0.0923556048542401,0.031521062044343,-0.06130893043164323,-0.031046674422596867
202411,NRP-L,587145.5900000001,-0.0444751454588976,0.0141298462448368,-0.0294358636079946,-0.015039281850903,-0.04102209740088089,0.015398012244720406,-0.02571736993778111,-0.01530472746309978
202411,NRP-M,3285945.9,-0.0512968674078575,0.0156001288306386,-0.034583067231373,-0.0167138001764845,-0.050924122848572756,0.017403343187757315,-0.033610992540125596,-0.017313130308447163
202411,NRP-S,1289490.97,-0.0697136984493018,0.018017105117717,-0.0506603991798444,-0.0190532992694573,-0.06955895265666416,0.01969648583840773,-0.04973763207843248,-0.01982132057823168
202412,NON PRIME,3930024.390000001,-0.090581958930677,0.0248657154375268,-0.0623962802483266,-0.0281856786823504,-0.0938638540336305,0.03324425947191085,-0.06108036114416837,-0.032783492889462126
202412,NRP-L,52967.3,-0.0191407087152286,0.0123839943284755,-0.008410335316075,-0.0107303733991535,-0.03633752008037073,0.015690984648919996,-0.021112346684629895,-0.01522517339574083
202412,NRP-M,2716445.1100000003,-0.0416533562611189,0.0151591788725611,-0.0257168261856155,-0.0159365300755033,-0.048484626879640745,0.01748163684204073,-0.03131959798396625,-0.017165028895674485
202412,NRP-S,1376252.91,-0.0716103764168797,0.0177565367675234,-0.0524204056260163,-0.0191899707908634,-0.07202499598907573,0.020391124397149074,-0.05151617360575762,-0.020508822383318102
202501,NON PRIME,4363554.399999999,-0.0878589835028548,0.0257099652366611,-0.0596482944220343,-0.0282106890808204,-0.09123135983514409,0.03407540222427903,-0.05775376221079706,-0.03347759762434703
202501,NRP-L,60436.42,-0.0323417536838393,0.0171340457193648,-0.014701118537952,-0.0176406351458872,-0.04228087553229525,0.01695725806032147,-0.02587668753021506,-0.016404188002080194
202501,NRP-M,4943312.740000001,-0.0451559281491492,0.0156697457214691,-0.0283491923740414,-0.0168067357751077,-0.04507660640715518,0.01754532153217611,-0.02786090361244217,-0.01721570279471301
202501,NRP-S,2185314.64,-0.0685430201354805,0.0178913780974928,-0.0488523344151629,-0.0196906857203175,-0.06885649739497893,0.020791136961084332,-0.048165693673104276,-0.020690803721874644
202502,NON PRIME,5958651.75,-0.0880275362115006,0.0272493175761933,-0.0592373249155959,-0.0287902112959047,-0.08949039294928417,0.03638579129841779,-0.053472244292183405,-0.03601814865710077
202502,NRP-L,127420.87,-0.0306852189977771,0.0154953262642354,-0.0126703039771972,-0.0180149150205798,-0.043285203267696304,0.01651812683561457,-0.0264514536245266,-0.0168337496431697
202502,NRP-M,5151310.039999996,-0.0493641282204574,0.0157584011264097,-0.0327093081072161,-0.0166548201132412,-0.04840084730660145,0.018354370905803503,-0.03007054695070847,-0.01833030035589298
202502,NRP-S,2387772.2100000004,-0.068846886438078,0.0178644610048735,-0.0508124511023973,-0.0180344353356807,-0.07014793316597906,0.021876607512553214,-0.04806872985434541,-0.022079203311633648
202503,NON PRIME,7538149.369999999,-0.0893903887849195,0.0347631873764749,-0.0544267000953923,-0.0349636886895272,-0.0892752284542104,0.037937289073614495,-0.05339657145820143,-0.035878656996008985
202503,NRP-L,83860.81,-0.0219350837613385,0.0178243636566151,-0.0098323304851828,-0.0121027532761556,-0.03776407286891997,0.016124604770127716,-0.02239809996138407,-0.0153659729075359
202503,NRP-M,6162266.5200000005,-0.0406535860669589,0.0168296385885087,-0.0233003166102253,-0.0173532694567335,-0.03941452104084569,0.017386804105050432,-0.022549297337169746,-0.016865223703675943
202503,NRP-S,2647482.4199999995,-0.0704807672942974,0.0213043809831144,-0.0483299931613689,-0.0221507741329285,-0.06693425078135963,0.02174433232140201,-0.04567302460085845,-0.021261226180501174
202504,NON PRIME,9246422.14,-0.0940566271908344,0.0356338912627711,-0.053667037,-0.0403895901908344,-0.09317515927460043,0.04347210944577046,-0.05632020057832454,-0.0368549586962759
202504,NRP-L,62697.2,-0.0294121198317093,0.0166366017843202,-0.012689719,-0.0167224008317093,-0.044895778396978774,0.017247724679455366,-0.030093822668188882,-0.014801955728789892
202504,NRP-M,7795952.799999999,-0.037893025467127,0.0164275860246004,-0.020201579,-0.017691446467127,-0.040830288854781904,0.018956565317425133,-0.024339664752763564,-0.01649062410201834
202504,NRP-S,2373847.23,-0.0817899270920808,0.020487502908049,-0.0586818699999999,-0.0231080570920808,-0.07007194050050895,0.02402288610230376,-0.04889448511567395,-0.02117745538483501
202504,PRIME,4661.92,-0.0104333889673843,0.011135166842726,0.0,-0.0104333889673843,-0.022682956967497843,0.012474088156922582,-0.012164914941474996,-0.010518042026022847
202505,NON PRIME,9953254.19,-0.0811252896222317,0.0343489874306925,-0.046759157,-0.0343661326222317,-0.09018287069125229,0.04473903430044396,-0.05389085006751442,-0.036292020623737875
202505,NRP-L,16425.98,-0.0276469224596546,0.0157966823854198,-0.0119223044484732,-0.0157246180111814,-0.048875547405900346,0.01767958246896449,-0.03387723453363063,-0.01499831287226972
202505,NRP-M,7268939.299999999,-0.0441,0.016636899719721,-0.0275,-0.0166,-0.04293536636434124,0.019462083399575933,-0.026797978209958776,-0.01613738815438247
202505,NRP-S,2437021.07,-0.0711,0.0204843399464785,-0.0495,-0.0216,-0.06717889305576416,0.023973867427647927,-0.046947828711509,-0.020231064344255163
202506,NON PRIME,10973736.760000002,-0.0799961741615328,0.035520772510527,-0.045271982,-0.0347241921615328,-0.09358381296352462,0.05004200279401342,-0.0556179129255453,-0.03796590003797932
202506,NRP-L,29971.3,-0.029805251666349,0.0158719014754618,-0.0130633847686492,-0.0167418668976997,-0.03201383992622859,0.020101409793688754,-0.016999589493006177,-0.015014250433222413
202506,NRP-M,7085059.32,-0.0364,0.0167330498622469,-0.0201,-0.0163,-0.04393069372407598,0.02263721551049546,-0.026504650275208978,-0.017426043448866994
202506,NRP-S,2767480.41,-0.0765,0.0206818517867955,-0.0537999999999999,-0.0227,-0.07519267909600313,0.02849486824261963,-0.05283470301915878,-0.022357976076844352
202507,NON PRIME,13508660.829999998,-0.0846,0.0377833333333333,-0.0436,-0.041,-0.09696589198662928,0.05754448422066175,-0.06354819618927232,-0.033417695797356956
202507,NRP-L,114199.52,-0.03,0.01685,-0.0115,-0.0185,-0.036245862506723896,0.021392595423002838,-0.024714030902046647,-0.011531831604677245
202507,NRP-M,8680064.72,-0.0335,0.0155583333333333,-0.0163,-0.0172,-0.03127534718653434,0.024053589397023217,-0.01889401968726768,-0.012381327499266665
202507,NRP-S,3125154.64,-0.0637,0.0212333333333333,-0.0398,-0.0239,-0.06037062321459981,0.03112564155285092,-0.04297004264855073,-0.01740058056604909
202507,PRIME,9843.27,-0.0233,0.0113,-0.0117,-0.0116,-0.022971421654374956,0.019223879880261266,-0.014799659873732588,-0.00817176178064237
202508,NON PRIME,10582346.66,-0.0819,0.0379333333333333,-0.0491,-0.0328,-0.2,0.1,-0.2,-0.10610992855376782
202508,NRP-L,46868.77,-0.0302,0.0153166666666666,-0.0151,-0.0151,-0.2,0.1,-0.2,-0.03334538372102951
202508,NRP-M,7533596.42,-0.0321,0.01575,-0.0199,-0.0122,-0.2,0.1,-0.2,-0.04026622228782747
202508,NRP-S,3257214.8600000003,-0.0581999999999999,0.0205083333333333,-0.0399,-0.0183,-0.2,0.1,-0.2,-0.06885390018052819
202508,PRIME,30052.62,-0.0115,0.0112416666666666,-0.0076,-0.0039,0.0,0.0,0.0,0.0
202509,NON PRIME,11481431.49,-0.0217,0.0379333333333333,-0.018,-0.0037,-0.0217,0.0379333333333333,-0.018,-0.0037
202509,NRP-L,15353.37,-0.0285,0.0153166666666666,-0.0195,-0.009,-0.0285,0.0153166666666666,-0.0195,-0.009
202509,NRP-M,8727304.43,-0.0145,0.01575,-0.0129,-0.0016,-0.0145,0.01575,-0.0129,-0.0016
202509,NRP-S,3314123.22,-0.0192999999999999,0.0205083333333333,-0.0168,-0.0025,-0.0192999999999999,0.0205083333333333,-0.0168,-0.0025
202509,PRIME,24414.84,-0.0119,0.0112416666666666,-0.0075,-0.0044,-0.0119,0.0112416666666666,-0.0075,-0.0044
