Cohort,Segment,GBV,Coll_P,Coll_I,Coll_P_Rate,Coll_I_Rate
201912,NON PRIME,387941.62,0.0,0.0,0.0,0.0
201912,NRP-S,60918.41999999999,0.0,-246.76357354376577,0.0,-0.004050721826727709
202001,NON PRIME,98748.52000000002,0.0,0.0,0.0,0.0
202001,NRP-S,4571.870000000001,0.0,0.0,0.0,0.0
202101,NON PRIME,832148.8999999999,0.0,0.0,0.0,0.0
202101,NRP-M,3035583.9,-222020.26904639698,0.0,-0.07313923,0.0
202101,NRP-S,2237190.62,-165640.8776038016,0.0,-0.07403968,0.0
202101,PRIME,3441726.03,-236122.29539272736,0.0,-0.068605779,0.0
202201,NON PRIME,1301210.18,-123275.83919683749,-17549.275104020766,-0.094739375,-0.013486887340537688
202201,NRP-M,194456.57,-13898.58246711319,-2365.65235366973,-0.071473967,-0.012165453466908987
202201,NRP-S,469898.68,-939.79736,-5089.444933642184,-0.002,-0.010830941116161858
202201,PRIME,114921.47,-12642.56998433558,-1067.5120541728331,-0.11001051399999999,-0.009289056728675965
202301,NON PRIME,7243912.09,-552775.528309744,0.0,-0.076308978,0.0
202301,NRP-L,1160678.27,-43145.2433508788,0.0,-0.03717244,0.0
202301,NRP-M,11951897.25,-462241.9328599192,0.0,-0.038675193,0.0
202301,NRP-S,4875102.47,-301684.62549783074,-146253.0741,-0.061882725,-0.030000000000000002
202404,NON PRIME,1439613.0899999996,-129378.62007927995,-31833.672638049462,-0.089870411,-0.022112658504688555
202404,NRP-L,312423.2,-21247.939947630402,-4559.404292546433,-0.068010122,-0.014593680279013956
202404,NRP-M,2980564.9000000004,-137008.55967511373,-43089.04092071106,-0.045967313,-0.014456669244380839
202404,NRP-S,1135465.04,-54177.73353804198,-18420.50649949546,-0.04771413617282482,-0.016222874197426157
202405,NON PRIME,1749500.3,-103641.37019033995,-38184.25216305268,-0.05924055582633506,-0.021825804867282778
202405,NRP-L,474179.94,-15105.570660393161,-5878.580864053477,-0.03185619927404175,-0.012397363043349065
202405,NRP-M,2724042.47,-71101.77521455745,-40205.16141396781,-0.026101566329308164,-0.01475937392927938
202405,NRP-S,1006382.0399999999,-51415.466456865965,-16989.57876263227,-0.051089411787263186,-0.016881838195991924
202405,PRIME,4824.29,-77.89731383227992,-48.40629921510861,-0.01614689702158865,-0.01003387010629722
202406,NON PRIME,2338555.8699999996,-151407.6693787524,-55180.541923644676,-0.064744089,-0.023595990427906555
202406,NRP-L,263352.54000000004,0.0,-4072.557312329393,0.0,-0.015464279601515871
202406,NRP-M,2559981.8499999996,-78026.39080115873,-35604.60191870672,-0.030479274999999997,-0.013908146231078446
202406,NRP-S,1206635.83,-64752.46958558537,-20991.44353136363,-0.053663639,-0.017396668497208168
202407,NON PRIME,2523024.380000001,-152834.67962457056,-61000.34617108629,-0.06057598207773581,-0.02417746996605965
202407,NRP-L,471704.42,-18296.573494988468,-7177.25850702386,-0.038788217195396366,-0.015215584596438295
202407,NRP-M,4349482.11,-116380.84149040401,-63841.77680675184,-0.02675740204168905,-0.01467801802425435
202407,NRP-S,1186959.49,-69237.61904453118,-20657.003582867575,-0.05833191412836775,-0.017403292830884712
202407,PRIME,3074.04,-150.1895359984124,-31.87550391941904,-0.048857378563197745,-0.010369254765526486
202408,NON PRIME,2642668.7499999995,-172038.96154711477,-62677.84056281659,-0.06510046389549004,-0.023717630354851173
202408,NRP-L,570319.56,-16785.895600694614,-8910.02117057132,-0.029432438895651083,-0.01562285742149773
202408,NRP-M,2983355.65,-83445.52901699422,-46058.83476174959,-0.027970359154797456,-0.015438600074969134
202408,NRP-S,1318156.9200000002,-61971.992099286035,-23623.734058273316,-0.04701412340139748,-0.017921791935267703
202409,NON PRIME,2580823.24,-170620.54089921172,-64105.6775411805,-0.06611089758290138,-0.024839236003307414
202409,NRP-L,604094.49,-13891.59425977122,-9283.551095967901,-0.022995730783393207,-0.015367713577337714
202409,NRP-M,3038266.7999999993,-98375.88272118839,-47666.251910218525,-0.03237894799797977,-0.01568863271330172
202409,NRP-S,1203094.8800000004,-68169.51362972344,-22085.521981710237,-0.05666179348192673,-0.01835725706164607
202409,PRIME,10148.720000000001,-407.7668649948957,-105.47500815487558,-0.040179142295274244,-0.010392937055596723
202410,NON PRIME,3386607.26,-208287.77893688317,-87730.05523166448,-0.06150337578172061,-0.025904998275963206
202410,NRP-L,463335.09,-10801.174309829035,-7756.8498634155285,-0.023311798616049206,-0.016741339110352138
202410,NRP-M,2948745.809999999,-92170.01921169314,-45960.394271961064,-0.03125736335058774,-0.015586421222235185
202410,NRP-S,1148959.1199999996,-58340.836962077694,-21132.86923907623,-0.05077712161079997,-0.018393055828719335
202411,NON PRIME,3628698.04,-230753.76135566182,-97876.28092295343,-0.06359133739209169,-0.026972837046246326
202411,NRP-L,587145.5900000001,-17283.137505275536,-8830.248015524761,-0.029435863607994626,-0.015039281850903044
202411,NRP-M,3285945.9,-113638.08797835445,-54920.6431633386,-0.034583067231373,-0.016713800176484526
202411,NRP-S,1289490.97,-65326.127279004846,-24569.057356672824,-0.05066039917984447,-0.01905329926945733
202412,NON PRIME,3930024.390000001,-245218.903221199,-110770.40467034021,-0.062396280248326635,-0.02818567868235041
202412,NRP-L,52967.3,-445.47275378714386,-568.3589069449876,-0.008410335316075084,-0.010730373399153581
202412,NRP-M,2716445.1100000003,-69858.34673663545,-43290.70919396909,-0.025716826185615594,-0.01593653007550338
202412,NRP-S,1376252.91,-72143.73578618531,-26410.25314374076,-0.052420405626016305,-0.019189970790863403
202501,NON PRIME,4363554.399999999,-260278.57757776356,-123098.87646564613,-0.059648294422034384,-0.028210689080820476
202501,NRP-L,60436.42,-888.4829744294581,-1066.1368347436041,-0.014701118537952085,-0.017640635145887266
202501,NRP-M,4943312.740000001,-140138.9238313102,-83080.95107490376,-0.028349192374041498,-0.016806735775107714
202501,NRP-S,2185314.64,-106757.72159563153,-43030.34377624888,-0.04885233441516299,-0.019690685720317548
202502,NON PRIME,5958651.75,-352974.5897736341,-171550.84292121234,-0.0592373249155959,-0.028790211295904707
202502,NRP-L,127420.87,-1614.4611559389375,-2295.4761448983527,-0.01267030397719728,-0.018014915020579853
202502,NRP-M,5151310.039999996,-168495.78725415576,-85794.14206373366,-0.03270930810721614,-0.016654820113241275
202502,NRP-S,2387772.2100000004,-121328.55866428815,-43062.123517580585,-0.0508124511023973,-0.018034435335680776
202503,NON PRIME,7538149.369999999,-410276.59503526066,-263561.5078678359,-0.05442670009539234,-0.03496368868952725
202503,NRP-L,83860.81,-824.5471986751265,-1014.9466929685681,-0.009832330485182847,-0.012102753276155669
202503,NRP-M,6162266.5200000005,-143582.76095259172,-106935.47138576802,-0.023300316610225375,-0.017353269456733593
202503,NRP-S,2647482.4199999995,-127952.80725344438,-58643.78510631917,-0.048329993161368906,-0.02215077413292859
202504,NON PRIME,9246422.14,-496228.0791049992,-373459.2009660587,-0.053667037,-0.04038959019083447
202504,NRP-L,62697.2,-795.6098500868,-1048.4477094258493,-0.012689719,-0.01672240083170938
202504,NRP-M,7795952.799999999,-157490.5563694712,-137921.68162144924,-0.020201579,-0.017691446467127055
202504,NRP-S,2373847.23,-139301.79455072008,-54854.99731871809,-0.05868186999999999,-0.023108057092080896
202504,PRIME,4661.92,0.0,-48.63962469482847,0.0,-0.010433388967384355
202505,NON PRIME,9953254.19,-465405.77533111785,-342054.853516324,-0.046759157,-0.03436613262223177
202505,NRP-L,16425.98,-195.83553442453186,-258.2922609593063,-0.011922304448473203,-0.01572461801118145
202505,NRP-M,7268939.299999999,-199895.83074999996,-120664.39237999998,-0.0275,-0.0166
202505,NRP-S,2437021.07,-120632.542965,-52639.655112,-0.0495,-0.0216
202506,NON PRIME,10973736.760000002,-496802.8130714584,-381054.14398431696,-0.045271982,-0.03472419216153285
202506,NRP-L,29971.3,-391.5266239166172,-501.77551535102907,-0.01306338476864925,-0.01674186689769977
202506,NRP-M,7085059.32,-142409.692332,-115486.46691599999,-0.0201,-0.0163
202506,NRP-S,2767480.4099999997,-148890.44605799997,-62821.805306999995,-0.053799999999999994,-0.0227
202507,NON PRIME,13508660.829999998,-588977.6121879999,-553855.0940299999,-0.0436,-0.041
202507,NRP-L,114199.52,-1313.29448,-2112.69112,-0.0115,-0.0185
202507,NRP-M,8680064.72,-141485.054936,-149297.11318400002,-0.0163,-0.0172
202507,NRP-S,3125154.64,-124381.15467200002,-74691.195896,-0.0398,-0.0239
202507,PRIME,9843.27,-115.16625900000001,-114.181932,-0.0117,-0.0116
202508,NON PRIME,10582346.66,-519593.221006,-347100.970448,-0.0491,-0.0328
202508,NRP-L,46868.77,-707.718427,-707.718427,-0.015100000000000002,-0.015100000000000002
202508,NRP-M,7533596.42,-149918.568758,-91909.87632400001,-0.0199,-0.012200000000000003
202508,NRP-S,3257214.8600000003,-129962.872914,-59607.03193800001,-0.0399,-0.0183
202508,PRIME,30052.62,-228.399912,-117.20521799999999,-0.0076,-0.0039
202509,NON PRIME,11481431.49,-206665.76682,-42481.296513,-0.018,-0.0037
202509,NRP-L,15353.37,-299.390715,-138.18033,-0.0195,-0.009
202509,NRP-M,8727304.43,-112582.227147,-13963.687088,-0.0129,-0.0016
202509,NRP-S,3314123.2199999997,-55677.27009599999,-8285.30805,-0.0168,-0.0025
202509,PRIME,24414.84,-183.1113,-107.425296,-0.0075,-0.0044
